Kategori,Judul
Infografis,Infografis Peta Jalur Mudik Lebaran 2022 Rawan Bencana
Bola,Bola Ganjil: Kakak Beradik Penyumbang Gol Timnas
Infografis,"Infografis Kuota Haji 2022 Indonesia, Biaya per Jemaah dan Syaratnya"
Surabaya,AHY Optimistis Emil Dardak Jadi Harapan Baru Demokrat di Jatim
Megapolitan,Tebet Eco Park Jakarta Selatan Resmi Dibuka untuk Umum
Lifestyle,Ketika Perajin Kain Daerah Berkolaborasi dengan Desainer di Panggung MUFFEST+ 2022
Film,Sinopsis Film Ziarah yang Raih Best Screenplay ASEAN International Film Festival and Award...
Cerita Ramadan,Ramadhan di Yaman Berjalan Lancar Berkat Gencatan Senjata Selama 2 Bulan
News,Kisah Antusiasme Pengusaha dan Pengemudi Bus Jelang Mudik Lebaran 2022
Crypto,"Mengenal NRG Coin, Token Kripto Blockchain Energi"
Peristiwa,"Jelang Mudik Lebaran, Setengah Juta Warga Bekasi Sudah Vaksin Booster"
Bisnis,Ingin Mudik? Masih Tersedia Banyak Tiket Kereta Api H-9 sampai H-1 Lebaran 2022
Liga Inggris,Everton vs Liverpool: Frank Lampard Senang Jika Dapat Hasil Imbang
Saham,"IKN Bakal Terapkan Smart City, Ini Langkah Mitratel"
Internasional,Penelitian Ini Klaim Buang Waktu Punya 5 Manfaat
Peristiwa,"Update Sabtu 23 April 2022: 6.043.768 Positif Covid-19, Sembuh 5.868.251, Meninggal 156.06..."
Sulawesi,"Tak Terima Ditegur Saat Pesta Miras, 5 Remaja Aniaya Warga Bolmong Utara hingga Tewas"
Culinary,McDonald's Lempar Kode BTS Meal Bakal Hadir Lagi Tahun Ini?
Health Info,"Perubahan Iklim Memicu Cuaca Ekstrem dan Bencana, Ilmuwan Pikirkan Solusi Manipulasi Atmos..."
Selebritis,"Adinda Azani Dilamar Kekasih Baru, Adhitya Alkatiri Diingatkan untuk Tidak Mengumbar Janji"
Peristiwa,Menko PMK: Perilaku Pemudik Perlu Ditertibkan Agar Tak Picu Kecelakaan
Corner,"Pemudik Diminta Jangan Dadakan Suntik Vaksin dan Booster Covid-19, Kenapa?"
Bisnis,"H-10 Lebaran 2022, Jasa Marga Catat 153 Ribu Mobil Tinggalkan Jabotabek"
Saham,Mitratel Optimistis Pengembangan Menara Telekomunikasi di Indonesia
Internasional,Badan Energi Atom Internasional Akan ke Chernobyl Guna Pastikan Fasilitas Nuklir Aman
Sports,"Gelar Lomba Atletik di HUT ke-70, Kopassus Ajak Masyarakat Indonesia Aktif Olahraga"
Megapolitan,Satpol PP Tertibkan Lapak Pedagang dan Parkir Liar di Trotoar Tebet Setelah Viral
Liga Inggris,"Sudah Mulai, Link Live Streaming Liga Inggris Arsenal vs Manchester United"
Energi & Tambang,Menko PMK Perintahkan Pasokan BBM di Jalur Mudik Tak Boleh Kosong
Crypto,Token Kripto Karya Anak Bangsa Ini Usung Misi Pengurangan Emisi Karbon
Oto News,Program DFSK Siaga Mudik Siap Melayani Konsumen di Pulau Jawa
Surabaya,Warga Antusias Ikut 1 Juta Vaksin Booster di Malang Jelang Mudik Lebaran
Peristiwa,Pemerintah Imbau Pemudik Tidak Suntik Vaksin Covid-19 di Hari Keberangkatan
Ramadan Update,Kapolri Prediksi 17 Juta Motor dan 23 Juta Mobil Lakukan Perjalanan di Puncak Mudik 2022
Cek Fakta,Cek Fakta: Muncul Lagi Kabar Hoaks GERD Dapat Menyebabkan Kematian Mendadak
Bisnis,"Hati-Hati, Ada Potensi Tumpahan Mobil di Jalan Arteri Karawang hingga Cirebon Dampak Ganj..."
Selebritis,"Banyak yang Dipanggil Bareskrim, Raffi Ahmad Tak Mau Lagi Disebut Sultan"
Liga Italia,Dapatkan Link Live Streaming Inter Milan vs Roma di Liga Italia: Jalan Menuju Scudetto
Kalimantan,"Mudik Lebaran, Waspada Jalan Rusak di Kaltim"
Health Info,Kasus Positif COVID-19 Hari Ini 23 April 2022 Bertambah 522
Peristiwa,"5 Fakta Pedagang Pasar Bogor Mengadu ke Jokowi, Kerabatnya Ditahan Karena Tolak Pungli"
Lifestyle,"Hari Buku Sedunia 2022, Kurangi Stres dan Jaga Kesehatan Tubuh dengan Membaca Buku"
Bisnis,"Jasa Marga Bidik Kenaikan Pendapatan Tol 27,3 Persen selama Mudik Lebaran 2022"
Liga Italia,"Jadwal Liga Italia: Inter Milan vs AS Roma, Lazio vs AC Milan"
Saham,"Sido Muncul Kantongi Penjualan Rp 880,49 Miliar pada Kuartal I 2022"
Ngabuburit,"6 Penyebab Sakit Kepala Saat Puasa, Begini Cara Mengobati Tanpa Membatalkannya"
Peristiwa,Menko PMK Harap Mudik Lebaran 2022 Jadi Awal Indonesia Menuju Endemi
Bisnis,Menhub Ungkap Titik Rawan Macet di Jawa Barat Saat Mudik Lebaran 2022
Peristiwa,"Kemenag Kembali Buka Seleksi Imam Masjid Uni Emirat Arab, Ini Syaratnya"
Citizen6,"Doa Saat Perjalanan Mudik, Wajib Diamalkan Agar Diberi Keselamatan dan Perlindungan"
Liga Indonesia,Hasil Timnas U-23 vs Pohang Steelers: Garuda Muda Takluk 0-2
Selebritis,"Kiky Saputri Roasting Erick Thohir, Bikin Teman Artis Lain Deg-degan"
